job ,hostname ,n ,wall_time1 ,wall_time2,

0,hpc-c11-node16.unitn.it,100000000,0.560000,0.270000
1,hpc-c11-node16.unitn.it,100000000,0.310000,0.170000
2,hpc-c11-node16.unitn.it,100000000,0.260000,0.190000
3,hpc-c11-node16.unitn.it,100000000,0.290000,0.200000
4,hpc-c11-node16.unitn.it,100000000,0.380000,0.180000
5,hpc-c11-node16.unitn.it,100000000,0.320000,0.200000
6,hpc-c11-node16.unitn.it,100000000,0.420000,0.190000
7,hpc-c11-node16.unitn.it,100000000,0.280000,0.170000
8,hpc-c11-node16.unitn.it,100000000,0.260000,0.120000
9,hpc-c11-node16.unitn.it,100000000,0.370000,0.220000
