job,hostname,n,wall_time1,wall_time2
0,hpc-c11-node16.unitn.it,100000000,0.290000,0.230000
1,hpc-c11-node16.unitn.it,100000000,0.240000,0.100000
2,hpc-c11-node16.unitn.it,100000000,0.280000,0.100000
3,hpc-c11-node16.unitn.it,100000000,0.130000,0.100000
4,hpc-c11-node16.unitn.it,100000000,0.250000,0.130000
5,hpc-c11-node16.unitn.it,100000000,0.110000,0.170000
6,hpc-c11-node16.unitn.it,100000000,0.100000,0.100000
7,hpc-c11-node16.unitn.it,100000000,0.180000,0.110000
8,hpc-c11-node16.unitn.it,100000000,0.160000,0.110000
9,hpc-c11-node16.unitn.it,100000000,0.120000,0.170000
