job,n,wall_time1,wall_time2
0,100000000,0.450000,0.160000
1,100000000,0.790000,0.350000
2,100000000,0.370000,0.160000
3,100000000,0.290000,0.180000
4,100000000,0.200000,0.150000
5,100000000,0.200000,0.170000
6,100000000,0.140000,0.200000
7,100000000,0.200000,0.130000
8,100000000,0.200000,0.130000
9,100000000,0.140000,0.130000
